specObjID,bestObjID,plate,mjd,fiberID,z,survey,class,subClass,ra,dec,z1,psfMag_u,psfMag_g,psfMag_r,psfMag_i,psfMag_z,extinction_u,extinction_g,extinction_r,extinction_i,extinction_z,dered_u,dered_g,dered_r,dered_i,dered_z
3.964779E+17,1237671767469391907,352,51694,586,0.1723176,sdss,GALAXY,STARBURST BROADLINE,261.1523,63.62351,0.1723176,20.53373,19.58142,19.05333,18.64788,18.40715,0.1426836,0.1111781,0.07691251,0.05715424,0.04251225,19.26155,18.29102,17.58457,17.05907,16.96446
5.495601E+17,1237651539780173998,488,51914,440,0.2039111,sdss,GALAXY,STARBURST BROADLINE,152.3437,64.7001,0.2039111,21.49603,19.92625,19.07796,18.5484,18.13736,0.1475784,0.1149921,0.07955097,0.0591149,0.04397062,20.48446,18.9616,18.04239,17.48489,17.20315
9.142374E+17,1237655349429076124,812,52352,24,0.1442329,sdss,GALAXY,STARBURST BROADLINE,240.3968,48.45657,0.1442329,20.89227,19.75712,18.96087,18.34184,18.19169,0.09858,0.07681286,0.05313879,0.03948781,0.02937168,19.68545,18.34183,17.53382,16.99042,16.72311
1.176616E+18,1237659131671085170,1045,52725,184,0.2315911,sdss,GALAXY,STARBURST BROADLINE,214.0672,50.74346,0.2315911,20.45889,19.76828,19.16897,18.96932,18.74204,0.0643392,0.05013267,0.03468154,0.02577211,0.01916971,19.89136,19.12877,18.52219,18.2495,18.07272
1.256588E+18,1237656568111236017,1116,52932,305,0.3442861,sdss,GALAXY,STARBURST BROADLINE,310.5784,-0.262945,0.3442861,20.96891,20.40053,19.99404,19.70259,19.21908,0.2887116,0.2249621,0.1556277,0.1156481,0.08602093,19.77828,19.25571,18.50137,18.19466,17.86797
4.297746E+18,1237658297913377286,3817,55277,677,0.4764453,boss,GALAXY,STARBURST BROADLINE,135.5756,3.822369,0.4764453,22.43606,22.08874,21.51956,19.93316,20.48189,0.2117044,0.1649586,0.1141176,0.08480161,0.06307682,22.03553,21.65929,21.05287,19.55071,20.10663
4.286389E+18,1237673705581380318,3807,55511,319,0.5322877,boss,GALAXY,STARBURST BROADLINE,124.7996,42.68996,0.5322877,23.85795,22.4262,21.54819,20.84419,20.3395,0.2610804,0.2034321,0.1407334,0.10458,0.07778829,22.59561,21.13663,20.12314,19.42399,19.24013
5.146688E+18,1237660636528312719,4571,55629,726,0.4056061,boss,GALAXY,STARBURST BROADLINE,145.0673,40.82079,0.4056061,22.8622,21.58415,20.4469,19.96001,19.46719,0.06266568,0.04882867,0.03377945,0.02510175,0.01867109,21.87166,20.65892,19.38489,18.85968,18.65042
7.483939E+18,1237660634389741722,6647,56390,298,0.2811097,boss,GALAXY,STARBURST BROADLINE,172.5301,45.89376,0.2811097,20.92395,20.23934,19.49464,18.95372,18.31697,0.08068947,0.06287269,0.04349504,0.03232148,0.02404124,19.75062,18.92802,18.05535,17.59781,17.12011
7.911806E+18,1237659132207104211,7027,56448,390,0.2705255,boss,GALAXY,STARBURST BROADLINE,211.4649,51.92168,0.2705255,20.7991,20.30257,19.51304,19.99611,19.44996,0.07043312,0.05488101,0.03796643,0.02821313,0.02098538,20.6697,20.18829,19.39048,19.87226,19.35296
5.855315E+17,1237651735760404584,520,52288,231,0.2689091,sdss,GALAXY,STARBURST BROADLINE,187.8242,1.908373,0.2689091,19.7893,19.46106,18.92691,18.69771,18.32488,0.06934537,0.05403344,0.03738008,0.02777741,0.02066129,19.57127,19.1812,18.608,18.33188,18.00572
1.058413E+18,1237657873793286322,940,52670,245,0.288187,sdss,GALAXY,STARBURST BROADLINE,143.8203,41.40962,0.288187,20.95397,19.96716,19.1923,18.91555,18.4591,0.05703747,0.04444321,0.03074561,0.02284728,0.01699418,20.14813,19.13945,18.30778,17.99715,17.58142
3.121081E+18,1237667734519939220,2772,54529,315,0.1239156,sdss,GALAXY,STARBURST BROADLINE,212.078,19.773,0.1239156,21.60669,20.20049,19.64526,18.82482,18.13057,0.2086853,0.1626062,0.1124902,0.08359229,0.0621773,19.94765,18.19036,17.3784,16.7766,16.47221
5.337021E+18,1237651754008117746,4740,55651,928,0.4201803,boss,GALAXY,STARBURST BROADLINE,174.952,2.493317,0.4201803,23.59763,22.18296,21.0215,20.44963,19.90483,0.09204235,0.07171877,0.04961472,0.03686905,0.0274238,20.97894,20.17427,18.86093,18.21133,17.7997
5.47315E+18,1237662262169108958,4861,55710,548,0.4648835,boss,GALAXY,STARBURST BROADLINE,214.3823,7.565381,0.4648835,21.98413,21.51951,20.5322,20.14974,19.636,0.13033,0.1015523,0.07025338,0.05220579,0.03883152,21.167,20.58912,19.54244,19.12857,18.74406
8.06835E+18,1237680240912433454,7166,56602,551,0.555879,boss,GALAXY,STARBURST BROADLINE,357.4025,-8.683331,0.555879,21.65533,21.6407,20.52644,19.65162,19.91593,0.1376941,0.1072903,0.07422296,0.05515561,0.04102564,21.42561,21.08749,20.01476,19.06231,19.49031
2.030154E+18,1237662247131414773,1803,54152,567,0.1349844,sdss,GALAXY,STARBURST BROADLINE,206.7129,7.788609,0.1349844,20.02962,18.80185,18.11243,17.59612,17.23784,0.1020799,0.07954,0.05502541,0.04088977,0.03041448,18.79616,17.44987,16.69523,16.18773,15.91585
1.602204E+18,1237662337870725465,1423,53167,175,0.1601505,sdss,GALAXY,STARBURST BROADLINE,250.5977,25.5299,0.1601505,20.19901,18.91772,18.09053,17.53839,17.27473,0.2513398,0.1958422,0.1354828,0.1006782,0.07488609,18.69827,17.39947,16.62193,16.1016,15.81148
5.405454E+18,1237654605323108537,4801,55653,30,0.2661072,boss,GALAXY,STARBURST BROADLINE,154.1383,4.239472,0.2661072,21.45429,20.42755,19.57421,19.17494,18.67191,0.132916,0.1035673,0.07164736,0.05324167,0.03960202,20.56607,19.53882,18.5844,18.1259,17.73744
7.249876E+18,1237667209982706217,6439,56358,751,0.4324106,boss,GALAXY,STARBURST BROADLINE,159.7479,26.46135,0.4324106,22.66541,22.18451,20.93135,20.21693,19.74574,0.103287,0.08048055,0.05567607,0.04137329,0.03077413,22.16358,21.40623,20.07042,19.26563,18.95489
7.948898E+17,1237660024521621668,706,52199,16,0.1835506,sdss,GALAXY,STARBURST BROADLINE,40.74353,-1.057748,0.1835506,20.54252,19.91665,19.40975,18.98127,18.75744,0.1354346,0.1055297,0.07300495,0.0542505,0.04035241,19.97317,19.28796,18.66902,18.24679,18.05835
1.01903E+18,1237655106760278157,905,52643,330,0.1578183,sdss,GALAXY,STARBURST BROADLINE,155.8152,55.14948,0.1578183,20.29733,19.13032,18.4613,17.91416,17.77752,0.04648526,0.036221,0.02505752,0.01862042,0.01385017,19.56809,18.31982,17.62338,17.18091,17.03673
1.11804E+18,1237658423011115691,993,52710,77,0.3268318,sdss,GALAXY,STARBURST BROADLINE,146.6526,5.350058,0.3268318,22.31708,21.22288,20.12452,19.84732,19.24685,0.1412181,0.1100362,0.07612254,0.0565672,0.04207561,20.74942,19.69386,18.66357,18.25815,17.8578
3.319318E+18,1237662498937831732,2948,54553,599,0.2896962,sdss,GALAXY,STARBURST BROADLINE,249.68,28.0007,0.2896962,20.14459,19.49352,18.79515,18.61953,18.27108,0.231152,0.1801121,0.1246007,0.09259168,0.0688712,19.63549,18.96075,18.29401,18.08477,17.76464
7.187816E+18,1237657770703388920,6384,56363,258,0.3061469,boss,GALAXY,STARBURST BROADLINE,132.1479,43.42712,0.3061469,22.03057,21.53968,20.35971,19.93365,19.26576,0.1117673,0.08708835,0.06024732,0.04477021,0.03330081,21.40952,20.70994,19.54823,19.06254,18.58539
7.110116E+18,1237665583254995078,6315,56181,210,0.2005889,boss,GALAXY,STARBURST BROADLINE,253.5154,48.46885,0.2005889,21.95025,20.33487,19.33043,18.67889,18.30109,0.06817116,0.05311851,0.03674714,0.02730706,0.02031144,20.3117,18.61359,17.55558,16.94591,16.6575
1.344473E+18,1237658493335437456,1194,52703,540,0.196304,sdss,GALAXY,STARBURST BROADLINE,139.2275,7.482128,0.196304,20.63186,19.36765,18.53256,18.05107,17.80873,0.1480332,0.1153465,0.07979614,0.05929708,0.04410614,19.57837,18.37475,17.56388,17.10713,16.87869
1.494239E+18,1237661388680265827,1327,52781,619,0.105024,sdss,GALAXY,STARBURST BROADLINE,220.2682,53.33574,0.105024,19.06424,18.05229,17.49099,16.72683,16.84645,0.04843376,0.03773926,0.02610784,0.01940093,0.01443073,18.22316,17.04685,16.44187,15.73079,15.70694
2.527774E+18,1237667323264041145,2245,54208,469,0.2007751,sdss,GALAXY,STARBURST BROADLINE,203.0361,26.35159,0.2007751,20.653,19.4066,18.66226,18.17498,17.86842,0.05234221,0.0407847,0.02821467,0.02096652,0.01559524,19.58636,18.36637,17.47096,16.96176,16.70446
5.213002E+18,1237662224059859313,4630,55623,310,0.3561732,boss,GALAXY,STARBURST BROADLINE,162.8271,37.17872,0.3561732,22.77204,21.72965,20.6537,20.24219,19.79037,0.05406474,0.04212688,0.02914318,0.0216565,0.01610846,21.53077,20.43723,19.37694,18.95066,18.61316
5.272652E+18,1237657609111536095,4683,55924,227,0.5384201,boss,GALAXY,STARBURST BROADLINE,129.5296,42.9858,0.5384201,22.4098,22.18431,21.16084,20.28605,19.76658,0.09818768,0.07650717,0.05292731,0.03933066,0.02925479,21.54537,21.0123,19.95477,19.04918,18.61675
5.78497E+18,1237666088978219049,5138,55830,350,0.06737207,boss,GALAXY,STARBURST BROADLINE,18.75468,15.35606,0.06737207,20.76285,19.03955,18.11149,17.55363,17.16478,0.2567736,0.2000762,0.1384118,0.1028548,0.07650508,18.25686,16.42988,15.50142,15.00952,14.74818
4.335375E+17,1237657190902989064,385,51783,240,0.2599939,sdss,GALAXY,STARBURST BROADLINE,354.9592,-0.1994565,0.2599939,21.58867,20.6803,20.02753,19.49505,18.79266,0.1511657,0.1177873,0.08148472,0.06055188,0.04503947,20.78815,19.69957,18.83968,18.36563,17.8459
1.308322E+18,1237659148848005327,1162,52668,95,0.2685049,sdss,GALAXY,STARBURST BROADLINE,219.8775,54.1354,0.2685049,20.44925,19.88914,19.31347,19.06665,18.76888,0.06582012,0.05128659,0.03547982,0.02636531,0.01961095,19.9238,19.25311,18.6311,18.37129,18.07552
2.475885E+18,1237665442071838882,2199,53556,113,0.03407199,sdss,GALAXY,STARBURST BROADLINE,241.4033,17.8021,0.03407199,18.76858,17.33816,16.44572,16.00068,15.72712,0.2141078,0.1668313,0.1154131,0.08576433,0.06379291,16.09412,14.64407,13.85977,13.45152,13.13311
6.771317E+18,1237665549426950745,6014,56072,564,0.5456141,boss,GALAXY,STARBURST BROADLINE,215.9495,24.07846,0.5456141,22.05124,21.31004,20.3733,19.83046,19.26379,0.1161852,0.09053074,0.06262875,0.04653987,0.03461711,20.50999,19.6557,18.51986,17.84119,17.56861
7.184393E+18,1237654652565127642,6381,56353,94,0.4001816,boss,GALAXY,STARBURST BROADLINE,128.3182,43.41474,0.4001816,24.06454,22.06922,21.21027,20.35855,19.94009,0.1138104,0.0886803,0.06134862,0.04558861,0.03390954,23.56881,21.57127,20.72127,19.85398,19.44408
1.31062E+18,1237659324946448518,1164,52674,264,0.2836792,sdss,GALAXY,STARBURST BROADLINE,223.4938,52.84878,0.2836792,19.71419,19.3152,18.84589,18.79247,18.41518,0.05560359,0.04332594,0.02997268,0.02227292,0.01656696,19.29486,18.76678,18.24978,18.10385,17.67628
1.83974E+18,1237649961384804535,1634,53299,72,0.3411635,sdss,GALAXY,STARBURST BROADLINE,57.86134,-6.963056,0.3411635,21.7556,20.71419,19.57887,19.08469,18.61852,0.2650606,0.2065334,0.1428788,0.1061743,0.07897417,21.26329,20.19592,19.09493,18.61711,18.21776
2.28337E+18,1237665026523529234,2028,53818,163,0.01625167,sdss,GALAXY,STARBURST BROADLINE,206.824,34.1488,0.01625167,16.6036,15.93035,15.53527,15.34394,15.084,0.1058058,0.08244316,0.0570338,0.04238223,0.03152459,15.10528,13.90765,13.33259,13.07855,12.83412
2.410675E+18,1237665103287615697,2141,53764,447,0.1779728,sdss,GALAXY,STARBURST BROADLINE,221.9337,30.04813,0.1779728,20.64464,19.69111,19.14731,18.68779,18.50186,0.07165621,0.05583404,0.03862573,0.02870305,0.0213498,18.67809,17.67575,17.06925,16.62336,16.49678
2.661754E+18,1237667538545017016,2364,53737,460,0.1882937,sdss,GALAXY,STARBURST BROADLINE,151.8236,21.84625,0.1882937,21.60984,19.87275,18.91229,18.31426,17.76802,0.1365104,0.106368,0.07358487,0.05468145,0.04067295,20.33383,18.47823,17.48376,16.89262,16.49693
5.458397E+18,1237655125542961611,4848,55955,125,0.455135,boss,GALAXY,STARBURST BROADLINE,177.2206,5.005982,0.455135,24.51985,22.6057,20.98748,20.22571,19.67036,0.09180522,0.071534,0.04948689,0.03677407,0.02735315,24.18321,21.26281,19.68529,18.83422,18.33681
7.665322E+18,1237655370904371474,6808,56443,711,0.4206456,boss,GALAXY,STARBURST BROADLINE,212.004,60.47572,0.4206456,21.68178,21.10039,20.80147,20.24813,20.19759,0.06087524,0.04743357,0.03281433,0.02438456,0.01813763,21.15861,20.46957,20.10741,19.47099,19.59434
8.724805E+18,1237663307990631061,7749,58073,750,0.5048052,eboss,GALAXY,STARBURST BROADLINE,0.462367,31.85791,0.5048052,21.40931,21.34666,20.45454,20.12618,20.01941,0.2370781,0.1847296,0.1277951,0.09496546,0.07063685,21.16237,21.10982,20.25292,19.95502,19.88125
9.896717E+18,1237663782595658007,8790,57363,206,0.3021981,eboss,GALAXY,STARBURST BROADLINE,20.24096,-1.118098,0.3021981,22.15761,21.11406,20.29386,19.90064,19.26295,0.15215,0.1185542,0.08201528,0.06094614,0.04533273,20.73536,19.66389,18.61332,18.19433,17.74352
2.058221E+18,1237662266996228337,1828,53504,276,0.188119,sdss,GALAXY,STARBURST BROADLINE,218.5182,5.800581,0.188119,20.26278,19.76137,19.22812,19.04009,18.92554,0.121074,0.09434005,0.06526401,0.04849815,0.03607371,19.57957,18.95571,18.52231,18.20685,18.13837
5.06746E+17,1237651252561641722,450,51908,331,0.1799327,sdss,GALAXY,STARBURST BROADLINE,135.2861,55.90019,0.1799327,20.2321,19.31382,18.79362,18.21177,17.95532,0.0831359,0.06477892,0.04481376,0.03330143,0.02477014,19.16265,18.14832,17.47735,17.01112,16.84587
1.556155E+18,1237662195612385489,1382,53115,587,0.259768,sdss,GALAXY,STARBURST BROADLINE,220.8315,37.30026,0.259768,19.96523,19.40538,18.80588,18.46245,18.16854,0.04525534,0.03526265,0.02439454,0.01812776,0.01348372,19.20762,18.49455,17.76932,17.42354,17.07987
6.046241E+18,1237664130485256459,5370,56003,577,0.4777302,boss,GALAXY,STARBURST BROADLINE,170.571,13.6937,0.4777302,22.99623,22.29116,20.95212,20.34711,19.841,0.1198596,0.09339382,0.06460941,0.04801172,0.0357119,22.01527,21.22195,20.10853,19.41509,18.92116
6.048356E+18,1237661948638986416,5372,55978,78,0.5024447,boss,GALAXY,STARBURST BROADLINE,173.4394,11.31996,0.5024447,20.69423,20.5057,19.78039,19.39065,19.24827,0.1213958,0.09459081,0.06543749,0.04862707,0.0361696,20.38752,20.05964,19.39443,19.03529,18.87701
6.936735E+18,1237669516902858923,6161,56238,240,0.1755773,boss,GALAXY,STARBURST BROADLINE,355.1579,6.699768,0.1755773,23.70085,21.68631,20.7317,19.74365,19.5342,0.6287482,0.4899163,0.3389218,0.2518553,0.187334,22.47698,20.12541,19.23208,18.28595,18.22179
6.126609E+17,1237654390029549847,544,52201,623,0.1632299,sdss,GALAXY,STARBURST BROADLINE,121.0308,39.3243,0.1632299,20.21148,18.98607,18.16891,17.7097,17.43051,0.1970835,0.1535661,0.1062363,0.07894499,0.05872057,19.5356,18.22449,17.43827,16.97466,16.69784
2.256457E+18,1237665226768056324,2004,53737,559,0.1053723,sdss,GALAXY,STARBURST BROADLINE,183.5017,32.47081,0.1053723,19.40063,18.43564,18.07777,17.58642,17.46413,0.0587892,0.04580815,0.03168986,0.02354897,0.0175161,18.25938,17.17159,16.64883,16.1912,16.05895
2.643618E+18,1237667255614439589,2348,53757,20,0.2103464,sdss,GALAXY,STARBURST BROADLINE,153.814,27.45477,0.2103464,20.79848,19.63566,19.05239,18.25956,18.06255,0.1667903,0.1299619,0.08990701,0.06681055,0.04969477,19.9968,18.8237,18.04908,17.45229,17.28859
5.214308E+18,1237664818744459682,4631,55617,965,0.5158004,boss,GALAXY,STARBURST BROADLINE,165.5549,35.68158,0.5158004,23.45364,22.45162,21.10188,20.31589,19.84752,0.09106184,0.07095477,0.04908618,0.03647629,0.02713166,22.71189,21.66718,20.19353,19.35504,18.85325
6.605796E+18,1237668296598815217,5867,56034,513,0.506788,boss,GALAXY,STARBURST BROADLINE,197.8551,18.47239,0.506788,24.36093,22.69228,21.96864,21.2878,20.43519,0.09004676,0.07016382,0.04853901,0.03606968,0.02682922,23.71426,20.94688,19.79242,19.06541,18.5127
7.060705E+18,1237679581621191015,6271,56304,679,0.5115696,boss,GALAXY,STARBURST BROADLINE,29.10302,30.6275,0.5115696,23.06636,21.93453,20.78633,20.02971,19.76284,0.2582254,0.2012075,0.1391944,0.1034364,0.07693764,22.12849,21.14036,19.93367,19.22867,19.03034
7.977207E+18,1237654383055733302,7085,56625,749,0.4249354,boss,GALAXY,STARBURST BROADLINE,150.4589,58.35083,0.4249354,24.82331,22.43606,21.20815,20.21243,20.01041,0.04863951,0.03789957,0.02621875,0.01948334,0.01449203,25.26129,22.12836,20.90207,19.88405,19.71757
5.619186E+17,1237651538717769870,499,51988,344,0.1524081,sdss,GALAXY,STARBURST BROADLINE,215.0623,64.32049,0.1524081,20.47939,19.17326,18.43619,17.92851,17.70225,0.08015059,0.0624528,0.04320455,0.03210561,0.02388068,19.3533,17.84464,17.12889,16.63911,16.43121
1.434397E+18,1237660960793362586,1274,52995,2,0.139672,sdss,GALAXY,STARBURST BROADLINE,141.8943,35.07133,0.139672,20.14415,18.98793,18.1795,17.61918,17.33228,0.08128679,0.06333812,0.04381701,0.03256074,0.02421921,18.87302,17.59165,16.83236,16.28784,16.0584
6.094574E+18,1237661970652005072,5413,55976,281,0.5151452,boss,GALAXY,STARBURST BROADLINE,192.6751,6.649902,0.5151452,24.07671,22.86327,21.28444,20.35304,19.84368,0.1202,0.09365904,0.06479289,0.04814807,0.03581331,22.29887,21.37611,19.6957,18.78727,18.18957
6.79162E+18,1237659163882422663,6032,56067,695,0.4443944,boss,GALAXY,STARBURST BROADLINE,235.4788,46.26164,0.4443944,24.73704,23.70798,21.71574,20.82399,20.24907,0.06389443,0.04978611,0.0344418,0.02559395,0.01903719,25.12392,22.2979,20.17667,19.32449,18.83805
8.63364E+18,1237678542237728911,7668,57579,870,0.4349853,eboss,GALAXY,STARBURST BROADLINE,354.5059,25.46888,0.4349853,21.70515,21.26327,20.61474,20.1277,19.65444,0.216982,0.1690709,0.1169625,0.08691565,0.06464928,21.4557,21.08801,20.45433,19.99173,19.45977
2.382491E+18,1237665329323901094,2116,53854,315,0.2203982,sdss,GALAXY,STARBURST BROADLINE,207.3219,29.76758,0.2203982,19.28582,18.55825,18.19905,17.99647,17.8633,0.06031581,0.04699767,0.03251277,0.02416047,0.01797095,18.767,18.01668,17.52314,17.21687,17.11336
6.545012E+18,1237657633260765464,5813,56363,566,0.4525678,boss,GALAXY,STARBURST BROADLINE,138.9448,47.02014,0.4525678,22.45978,21.75519,20.86571,20.59957,20.15514,0.08346017,0.0650316,0.04498856,0.03343132,0.02486676,21.55516,20.75477,19.77845,19.38601,18.97224
1.996373E+18,1237662530060091546,1773,53112,555,0.3469323,sdss,GALAXY,STARBURST BROADLINE,199.9954,14.6861,0.3469323,20.51328,19.92104,19.07489,18.80307,18.37688,0.1146529,0.08933675,0.06180275,0.04592606,0.03416055,19.79975,19.12592,18.28198,17.95285,17.52625
3.187452E+17,1237671142554927228,283,51959,420,0.2450908,sdss,GALAXY,STARBURST BROADLINE,175.5142,0.8599603,0.2450908,19.89079,19.3244,18.83785,18.51367,18.45213,0.1038033,0.08088281,0.05595436,0.04158008,0.03092794,19.03454,18.38407,17.9553,17.63026,17.48681
1.852225E+18,1237662662671007913,1645,53172,435,0.2359074,sdss,GALAXY,STARBURST BROADLINE,218.1648,35.0309,0.2359074,20.56137,19.85614,19.4146,18.8982,18.74655,0.05891452,0.04590579,0.03175742,0.02359916,0.01755344,19.681,18.92652,18.39291,17.87214,17.72753
2.250701E+18,1237665227842256993,1999,53503,99,0.1499619,sdss,GALAXY,STARBURST BROADLINE,184.7928,33.30397,0.1499619,19.91284,19.10013,18.62424,18.24689,17.95519,0.06542408,0.050978,0.03526635,0.02620668,0.01949295,19.10908,18.12827,17.56429,17.08363,16.86485
2.487161E+18,1237665429185823153,2209,53907,175,0.3440975,sdss,GALAXY,STARBURST BROADLINE,248.17,14.84472,0.3440975,20.4321,19.84328,19.08461,18.81877,18.39807,0.2769833,0.2158235,0.1493057,0.1109501,0.0825265,19.71781,19.14803,18.34918,18.07332,17.70823
1.801457E+18,1237661949170155593,1600,53090,61,0.1363458,sdss,GALAXY,STARBURST BROADLINE,160.1215,10.88842,0.1363458,20.26117,18.78725,17.95615,17.3543,17.22954,0.1361343,0.106075,0.07338216,0.05453081,0.0405609,19.12391,17.63566,16.86004,16.30424,16.1053
3.248303E+18,1237658300609396890,2885,54497,298,0.1548031,sdss,GALAXY,STARBURST BROADLINE,162.1995,7.944896,0.1548031,19.51654,18.82107,18.37554,17.87916,17.68988,0.1072195,0.08354474,0.05779586,0.04294852,0.03194581,19.06782,18.34202,17.84838,17.38387,17.25198
4.609583E+18,1237656240620699945,4094,55481,543,0.4733872,boss,GALAXY,STARBURST BROADLINE,326.2667,10.69861,0.4733872,23.21503,22.46243,21.39402,20.60445,19.86717,0.3016474,0.2350416,0.1626007,0.1208298,0.08987514,22.77858,21.22196,20.12705,19.2627,18.76419
5.833391E+18,1237664092899967424,5181,56298,375,0.4877666,boss,GALAXY,STARBURST BROADLINE,131.7137,26.30356,0.4877666,23.27425,22.32889,20.95242,20.12889,19.79023,0.2013983,0.1569282,0.1085622,0.08067337,0.06000616,21.67348,21.00212,19.4996,18.71719,18.34391
1.136098E+18,1237657590853009544,1009,52644,237,0.1272561,sdss,GALAXY,STARBURST BROADLINE,157.3563,52.08426,0.1272561,19.63731,18.71824,18.38317,17.77882,17.49684,0.08047792,0.06270785,0.043381,0.03223673,0.02397821,17.95795,16.7518,16.1409,15.68006,15.39476
2.382418E+18,1237665328787751097,2116,53854,51,0.1087586,sdss,GALAXY,STARBURST BROADLINE,209.0416,29.09308,0.1087586,21.32928,19.39271,18.44521,17.75778,17.38182,0.05306954,0.04135143,0.02860673,0.02125786,0.01581194,20.35694,18.21898,17.23697,16.50529,16.22241
5.273831E+18,1237657608038318433,4684,56226,421,0.499783,boss,GALAXY,STARBURST BROADLINE,131.5923,43.16119,0.499783,21.6266,21.46645,20.83695,19.87609,20.55313,0.1079421,0.08410777,0.05818537,0.04323796,0.0321611,21.34415,21.09639,20.41796,19.48963,20.11624
5.652125E+18,1237680297268019748,5020,55852,390,0.2301718,boss,GALAXY,STARBURST BROADLINE,328.4035,17.69548,0.2301718,20.93795,19.78572,18.75535,18.21276,17.90608,0.488747,0.3808284,0.2634553,0.1957755,0.145621,19.04361,17.75226,16.71777,16.18692,15.97042
7.471482E+18,1237661850397049112,6636,56367,38,0.5037383,boss,GALAXY,STARBURST BROADLINE,189.3005,44.31116,0.5037383,21.86328,21.4351,20.67446,20.37519,20.01657,0.1059674,0.08256911,0.05712093,0.04244697,0.03157275,21.64374,20.90108,20.07322,19.74357,19.40167
1.977162E+18,1237671122680546152,1756,53080,296,0.2696264,sdss,GALAXY,STARBURST BROADLINE,121.1714,6.649616,0.2696264,19.74423,19.06626,18.46368,18.184,17.80252,0.1247813,0.09722877,0.06726241,0.04998318,0.0371783,19.06474,18.23822,17.58253,17.2954,16.9222
7.611087E+17,1237660024496783585,676,52178,1,0.3413967,sdss,GALAXY,STARBURST BROADLINE,344.1001,-1.150319,0.3413967,21.5952,20.82374,20.02353,19.67073,19.13978,0.2423907,0.1888692,0.1306588,0.09709351,0.07221973,20.78128,19.85821,18.9767,18.71378,18.24515
1.960345E+18,1237664132084465769,1741,53052,558,0.1792482,sdss,GALAXY,STARBURST BROADLINE,143.8528,11.68354,0.1792482,21.57702,20.03311,19.04595,18.37771,18.04238,0.1168739,0.09106733,0.06299996,0.04681572,0.0348223,20.48063,18.70369,17.7149,17.16792,16.77841
5.619533E+17,1237674479196635327,499,51988,470,0.3574333,sdss,GALAXY,STARBURST BROADLINE,216.6803,64.62137,0.3574333,21.18565,20.57597,19.62619,19.30297,18.87736,0.1270852,0.09902393,0.0685043,0.05090603,0.03786474,20.4355,19.68698,18.66281,18.2885,17.91203
1.531275E+18,1237661850923696429,1360,53033,186,0.1897434,sdss,GALAXY,STARBURST BROADLINE,157.5295,41.3982,0.1897434,20.13305,19.69973,19.24406,19.02327,19.2028,0.04640545,0.03615882,0.0250145,0.01858846,0.0138264,19.82945,19.31429,18.85823,18.64307,18.7247
7.234E+18,1237667537473765428,6425,56298,337,0.4648449,boss,GALAXY,STARBURST BROADLINE,157.991,22.25038,0.4648449,23.30304,22.6373,21.43225,20.72846,20.1832,0.1137228,0.08861203,0.06130139,0.04555351,0.03388344,22.61964,21.46525,20.19799,19.45272,18.9492
8.204615E+18,1237654657385300213,7287,57042,661,0.4009683,boss,GALAXY,STARBURST BROADLINE,145.7629,53.79779,0.4009683,21.84977,21.48976,20.77532,20.40254,19.63615,0.05562601,0.04334341,0.02998477,0.0222819,0.01657364,21.63191,21.13262,20.33981,19.9765,19.27291
4.460032E+17,1237666340799643767,396,51816,534,0.2536669,sdss,GALAXY,STARBURST BROADLINE,16.70578,1.056224,0.2536669,20.55433,19.98967,19.42506,18.91763,18.56001,0.09770499,0.07613107,0.05266712,0.03913732,0.02911097,18.74233,18.03067,17.39085,16.95731,16.60163
7.848617E+17,1237657071693660258,697,52226,398,0.2556154,sdss,GALAXY,STARBURST BROADLINE,22.07728,0.7301332,0.2556154,20.55906,19.39153,18.53765,18.13124,17.74845,0.1124765,0.08764093,0.06062959,0.04505429,0.03351211,19.66251,18.53647,17.67842,17.2592,16.93774
7.111259E+18,1237654948378837452,6316,56483,271,0.4330907,boss,GALAXY,STARBURST BROADLINE,243.4884,50.26374,0.4330907,25.72434,22.29018,20.94328,20.19522,19.54817,0.07751098,0.06039603,0.0417817,0.03104828,0.02309421,26.93507,21.3616,19.92731,19.17478,18.6011
1.919735E+18,1237661949192503482,1705,53848,276,0.3575155,sdss,GALAXY,STARBURST BROADLINE,212.2236,10.71947,0.3575155,20.81647,20.23063,19.28107,18.93363,18.42469,0.09343041,0.07280034,0.05036294,0.03742506,0.02783737,20.40664,19.73106,18.72872,18.34729,17.89648
2.846393E+18,1237668272989667938,2528,54571,431,0.2716073,sdss,GALAXY,STARBURST BROADLINE,243.097,11.59213,0.2716073,23.96453,21.7247,20.25313,19.56025,18.88554,0.2412184,0.1879557,0.1300269,0.09662393,0.07187045,21.32715,19.57061,18.14147,17.44796,16.95348
4.793219E+18,1237678622247027072,4257,55480,955,0.4418504,boss,GALAXY,STARBURST BROADLINE,44.98696,3.328192,0.4418504,23.76131,22.47962,21.22293,20.39075,19.81389,0.386962,0.3015181,0.2085889,0.1550039,0.1152944,23.4541,20.73127,19.36559,18.62766,18.18655
2.379188E+18,1237664818747080797,2113,53468,588,0.1045253,sdss,GALAXY,STARBURST BROADLINE,172.8415,36.74317,0.1045253,19.70362,18.60794,17.9463,17.44154,17.37182,0.1252273,0.0975763,0.06750283,0.05016184,0.03731119,18.51443,17.34349,16.6734,16.15467,16.01807
2.514184E+18,1237667442971312236,2233,53845,181,0.1327979,sdss,GALAXY,STARBURST BROADLINE,185.5501,27.43381,0.1327979,21.62538,20.06855,19.24763,18.6474,18.70528,0.09835534,0.07663781,0.05301768,0.03939782,0.02930474,20.0238,18.49476,17.62766,17.14228,17.05243
7.314104E+18,1237665228386927184,6496,56363,940,0.4573309,boss,GALAXY,STARBURST BROADLINE,205.9918,31.82116,0.4573309,23.4813,22.73126,21.08974,20.29026,19.85894,0.08444599,0.06579974,0.04551996,0.03382621,0.02516048,22.4712,21.73798,20.22929,19.46891,18.84724
2.22141E+18,1237664667899920734,1973,53432,34,0.3804246,sdss,GALAXY,STARBURST BROADLINE,159.7178,36.61554,0.3804246,21.06161,20.61625,19.95035,19.64712,19.18013,0.06982908,0.05441035,0.03764083,0.02797117,0.02080541,20.84051,20.29371,19.68638,19.36537,18.84104
5.00017E+18,1237658191612871129,4441,55532,177,0.4697465,boss,GALAXY,STARBURST BROADLINE,130.1888,33.95249,0.4697465,22.90934,22.55395,21.36772,20.57403,19.77852,0.1390885,0.1083768,0.07497456,0.05571413,0.04144108,22.33932,22.03652,20.64313,19.82408,19.09638
5.062113E+18,1237667292110324800,4496,55544,244,0.4644572,boss,GALAXY,STARBURST BROADLINE,127.4369,14.78377,0.4644572,23.10012,22.36862,20.99974,20.4033,19.94668,0.1527176,0.1189965,0.08232126,0.06117351,0.04550185,22.47194,21.61401,20.31751,19.51247,19.12846
5.186152E+18,1237657402417021351,4606,56223,936,0.5369504,boss,GALAXY,STARBURST BROADLINE,132.2359,41.80492,0.5369504,22.65945,21.82377,20.85459,20.1233,19.62743,0.1279553,0.09970191,0.06897332,0.05125457,0.03812398,22.19543,21.28132,20.17692,19.41498,18.98062
7.302726E+18,1237665428627521727,6486,56328,508,0.2002577,boss,GALAXY,STARBURST BROADLINE,197.1431,29.44118,0.2002577,20.55027,20.27003,19.99218,19.76495,19.95463,0.04620158,0.03599996,0.0249046,0.01850679,0.01376565,20.2021,19.90025,19.58645,19.28133,19.49885
7.607785E+18,1237658800969024195,6757,56416,287,0.1030032,boss,GALAXY,STARBURST BROADLINE,203.3261,52.73796,0.1030032,23.15312,21.11655,20.30395,19.4373,19.53523,0.05700512,0.044418,0.03072817,0.02283432,0.01698454,22.78212,20.54571,19.79097,18.92189,18.99194
1.763277E+18,1237666301092823349,1566,53003,429,0.2459017,sdss,GALAXY,STARBURST BROADLINE,51.16719,0.381181,0.2459017,22.24482,20.84488,19.89057,19.23936,18.75751,0.7352371,0.5728917,0.3963239,0.2945111,0.2190621,21.13017,19.45606,18.50535,18.00329,17.66423
7.521045E+17,1237653500432023951,668,52162,12,0.3061689,sdss,GALAXY,STARBURST BROADLINE,35.69561,-9.646887,0.3061689,22.73489,21.41463,20.2546,19.73273,19.10473,0.1070621,0.08342206,0.05771099,0.04288545,0.0318989,22.06445,20.75535,19.54529,19.06196,18.5035
9.864621E+17,1237657856605814848,876,52669,632,0.2221484,sdss,GALAXY,STARBURST BROADLINE,165.1552,50.78377,0.2221484,19.28279,18.5812,18.38419,18.00268,18.00794,0.05825544,0.04539224,0.03140214,0.02333516,0.01735707,18.88468,18.27813,17.88358,17.52292,17.53979
1.370316E+18,1237660637066428553,1217,52672,349,0.2234275,sdss,GALAXY,STARBURST BROADLINE,148.3309,42.48674,0.2234275,21.18029,20.19283,19.09158,18.96991,18.83644,0.04803789,0.0374308,0.02589445,0.01924235,0.01431278,20.75581,19.7285,18.65172,18.52233,18.40962
1.452521E+18,1237662498389360895,1290,52734,402,0.276436,sdss,GALAXY,STARBURST BROADLINE,223.3566,44.2877,0.276436,21.65873,20.68579,20.01632,19.74499,19.05312,0.1130359,0.08807683,0.06093114,0.04527837,0.03367879,20.98318,19.97581,19.20488,18.93896,18.40741
7.488137E+17,1237652901833867401,665,52168,328,0.153415,sdss,GALAXY,STARBURST BROADLINE,27.82188,-8.31778,0.153415,18.88462,18.27808,17.81781,17.49398,17.36898,0.1103179,0.08595893,0.05946599,0.0441896,0.03286895,18.27363,17.60498,17.14417,16.80249,16.68701
9.830011E+17,1237657630594105603,873,52674,329,0.2225352,sdss,GALAXY,STARBURST BROADLINE,153.2804,48.99801,0.2225352,20.57495,19.63674,18.96814,18.43012,18.15501,0.05694923,0.04437445,0.03069804,0.02281194,0.01696789,19.30778,18.23484,17.42735,16.9196,16.70397
1.055087E+18,1237658201276219603,937,52707,431,0.094186,sdss,GALAXY,STARBURST BROADLINE,136.9778,39.40551,0.094186,19.97149,19.19962,18.54687,18.02259,17.81473,0.08402773,0.06547384,0.0452945,0.03365866,0.02503586,17.02817,15.87667,15.1888,14.75338,14.50097
2.416321E+18,1237665103288860819,2146,54230,509,0.1510114,sdss,GALAXY,STARBURST BROADLINE,224.8538,29.01009,0.1510114,20.07291,19.31884,18.7856,18.55497,18.37291,0.08317579,0.06481002,0.04483527,0.03331741,0.02478203,18.8849,18.02221,17.42399,17.02659,16.86028
7.252047E+18,1237667254545940845,6441,56364,458,0.331212,boss,GALAXY,STARBURST BROADLINE,167.3015,29.07301,0.331212,22.1469,21.1075,20.18495,19.66543,19.16824,0.09714349,0.07569356,0.05236445,0.0389124,0.02894368,21.83094,20.68096,19.64618,19.17143,18.67713
9.895593E+18,1237666338115879196,8789,57358,210,0.3441902,eboss,GALAXY,STARBURST BROADLINE,18.11308,-0.870665,0.3441902,21.94374,21.29148,20.42413,20.15509,19.51795,0.1444121,0.1125249,0.07784423,0.05784661,0.04302725,20.95757,19.86937,18.93961,18.60645,18.16453
4.336054E+17,1237666408440332564,385,51783,487,0.2767198,sdss,GALAXY,STARBURST BROADLINE,355.2787,0.3092698,0.2767198,21.55879,20.41502,19.70641,19.25683,18.47594,0.1198074,0.09335308,0.06458123,0.04799077,0.03569632,19.57154,18.2429,17.23293,16.79851,16.31115
1.567383E+18,1237662340012638341,1392,52822,474,0.09352747,sdss,GALAXY,STARBURST BROADLINE,239.7103,27.39007,0.09352747,18.53175,17.53247,17.45464,17.04798,16.77957,0.1779724,0.1386749,0.09593464,0.07128972,0.05302645,16.87955,15.96633,15.51171,15.0443,14.91798
6.012388E+18,1237671260134965453,5340,56011,300,0.3222337,boss,GALAXY,STARBURST BROADLINE,156.6237,14.61521,0.3222337,21.59991,20.88736,20.3309,20.08042,19.36592,0.1678205,0.1307646,0.09046236,0.06722323,0.05000173,20.93769,20.10003,19.27972,18.99724,18.53325
6.517916E+18,1237667253462500084,5789,56246,297,0.5390932,boss,GALAXY,STARBURST BROADLINE,143.5994,22.82916,0.5390932,23.86922,22.24475,21.20798,20.50414,19.97417,0.1397683,0.1089065,0.075341,0.05598644,0.04164362,23.68342,21.59622,20.4578,19.7032,19.32522
6.817403E+18,1237661433243238788,6055,56102,286,0.4863162,boss,GALAXY,STARBURST BROADLINE,212.5314,43.13763,0.4863162,21.6993,21.37497,20.68798,20.50925,19.92953,0.03641371,0.02837332,0.01962853,0.0145861,0.01084938,21.35288,20.68387,19.92921,19.60229,19.12651
9.239196E+18,1237659133279404297,8206,57424,225,0.4540971,eboss,GALAXY,STARBURST BROADLINE,206.7491,53.6675,0.4540971,21.65412,21.23007,20.36262,20.07531,19.61458,0.05449302,0.04246059,0.02937404,0.02182806,0.01623607,21.31342,20.90705,20.02468,19.67072,19.20454
6.611413E+18,1237667549266706510,5872,56027,469,0.4164741,boss,GALAXY,STARBURST BROADLINE,153.7347,20.76404,0.4164741,22.00716,21.39936,21.0565,19.9572,19.93359,0.091739,0.07148241,0.04945119,0.03674754,0.02733342,21.54106,20.74944,20.32341,19.1607,19.28282
3.199241E+17,1237648722304041037,284,51943,613,0.2088553,sdss,GALAXY,STARBURST BROADLINE,178.9485,0.8144463,0.2088553,19.89347,19.38507,18.64576,18.26011,18.18435,0.07136169,0.05560455,0.03846697,0.02858508,0.02126205,19.43642,18.8134,18.02523,17.61543,17.50153
5.991057E+18,1237661068709855843,5321,55945,523,0.5568234,boss,GALAXY,STARBURST BROADLINE,146.4664,11.19775,0.5568234,23.93432,22.21687,21.22309,20.395,19.83453,0.1061484,0.0827101,0.05721847,0.04251945,0.03162666,22.37718,20.9962,19.75944,19.05617,18.51931
7.680913E+18,1237651250965774840,6822,56711,87,0.5437283,boss,GALAXY,STARBURST BROADLINE,204.1788,63.67852,0.5437283,22.23933,21.78241,20.75535,20.05445,19.71824,0.0781957,0.06092956,0.04215078,0.03132255,0.02329822,21.58432,21.0701,19.95221,19.24903,18.95033
3.110923E+18,1237668271906553962,2763,54507,224,0.0541537,sdss,GALAXY,STARBURST BROADLINE,221.5624,16.09588,0.0541537,18.00712,16.94332,16.50611,16.15725,15.91631,0.09380767,0.07309431,0.0505663,0.03757618,0.02794977,16.60075,15.33415,14.77072,14.40468,14.16359
4.901082E+18,1237657065793716884,4353,55532,144,0.3895815,boss,GALAXY,STARBURST BROADLINE,19.84479,-2.920385,0.3895815,23.51448,21.98351,20.63842,20.13572,19.42511,0.1886314,0.1469803,0.1016803,0.07555934,0.05620227,21.36456,19.80939,18.30128,17.67864,17.13149
1.801469E+18,1237660669820076229,1600,53090,105,0.2038895,sdss,GALAXY,STARBURST BROADLINE,159.9924,10.95278,0.2038895,21.45839,20.27941,19.54818,18.95681,18.54347,0.138176,0.1076658,0.07448272,0.05534864,0.04116922,19.69819,18.39198,17.50456,16.96598,16.74368
3.113192E+18,1237668350824808628,2765,54535,287,0.1622026,sdss,GALAXY,STARBURST BROADLINE,225.6331,14.35982,0.1622026,20.26207,18.82003,18.06859,17.54618,17.27467,0.1177664,0.09176281,0.06348109,0.04717325,0.03508823,19.23272,17.71632,17.04425,16.60929,16.39665
4.308959E+18,1237650797293797897,3827,55565,509,0.4288589,boss,GALAXY,STARBURST BROADLINE,146.3171,1.002748,0.4288589,23.73579,22.93297,21.81596,20.86083,19.98679,0.6246783,0.4867451,0.336728,0.250225,0.1861214,20.70681,21.03396,19.7942,19.02519,18.37748
5.280596E+18,1237661852535423335,4690,55653,455,0.3902125,boss,GALAXY,STARBURST BROADLINE,160.2154,43.48078,0.3902125,23.27684,21.46759,20.88949,19.99102,19.91017,0.04877993,0.038009,0.02629445,0.01953959,0.01453387,23.09611,20.77553,20.05165,19.24945,19.17481
6.154183E+18,1237668349211574636,5466,56033,49,0.4685411,boss,GALAXY,STARBURST BROADLINE,219.2767,14.18431,0.4685411,21.73145,21.28359,20.59481,20.27421,19.67836,0.08634194,0.06727706,0.04654196,0.03458566,0.02572538,21.0971,20.36041,19.43144,19.10923,18.747
7.329906E+17,1237652946916212865,651,52141,108,0.1566361,sdss,GALAXY,STARBURST BROADLINE,2.710492,-10.54634,0.1566361,21.01814,19.83916,19.26554,18.90785,18.46804,0.1528152,0.1190726,0.08237386,0.06121261,0.04553093,19.1915,17.97918,17.24957,16.82495,16.5491
1.835262E+18,1237649962456449220,1630,54476,163,0.2421686,sdss,GALAXY,STARBURST BROADLINE,52.94164,-6.9019,0.2421686,22.33323,20.8105,19.72863,19.12259,18.69173,0.1944257,0.1514952,0.1048037,0.07788038,0.0579287,21.50069,19.83241,18.71162,18.08075,17.78149
9.569176E+18,1237661152456344163,8499,57431,556,0.4641335,eboss,GALAXY,STARBURST BROADLINE,210.0689,48.22682,0.4641335,24.28819,22.77107,20.96945,20.19188,19.6207,0.05890208,0.04589611,0.03175071,0.02359418,0.01754974,23.69469,21.68779,19.94015,19.19085,18.60505
1.080649E+19,1237665128524612384,9598,58085,359,0.4835512,eboss,GALAXY,STARBURST BROADLINE,135.1391,24.38946,0.4835512,22.89828,22.50273,22.23763,21.85033,21.93798,0.1397945,0.1089269,0.07535514,0.05599695,0.04165144,22.00764,21.26124,20.91992,20.50745,21.29546
1.374729E+18,1237660613435916417,1221,52751,20,0.2510968,sdss,GALAXY,STARBURST BROADLINE,167.9498,9.095978,0.2510968,20.33822,19.75409,19.19928,18.92556,18.49069,0.1038225,0.08089779,0.05596472,0.04158778,0.03093367,19.94599,19.20237,18.55453,18.31792,17.97588
4.978932E+18,1237670014578786537,4422,55533,738,0.3611787,boss,GALAXY,STARBURST BROADLINE,23.67203,6.145953,0.3611787,22.1787,21.64442,20.92038,20.36465,19.38926,0.1367007,0.1065163,0.07368746,0.05475768,0.04072965,20.09977,18.83418,17.60032,17.03983,16.51687
5.028343E+18,1237657877002453889,4466,55857,269,0.5019342,boss,GALAXY,STARBURST BROADLINE,118.0349,23.72353,0.5019342,23.16163,22.52509,21.49632,20.69576,20.31946,0.2727903,0.2125563,0.1470455,0.1092706,0.08127722,21.77878,21.35535,20.18643,19.48492,19.11892
5.009249E+18,1237660635446641181,4449,55544,438,0.5186743,boss,GALAXY,STARBURST BROADLINE,127.1887,29.98327,0.5186743,22.8523,22.91273,21.08905,20.31306,19.86093,0.1784298,0.1390313,0.09618121,0.07147294,0.05316274,21.50783,21.89637,19.45848,18.64595,18.21764
5.188324E+18,1237657627902149151,4608,55973,646,0.4186117,boss,GALAXY,STARBURST BROADLINE,134.2041,38.03925,0.4186117,22.69404,21.84088,20.66975,20.08674,19.68329,0.1468797,0.1144477,0.07917436,0.05883504,0.04376246,21.9574,21.16192,19.91636,19.28041,19.04251
7.268904E+18,1237667288349278373,6456,56339,343,0.5188279,boss,GALAXY,STARBURST BROADLINE,156.752,28.87042,0.5188279,22.40219,21.55248,21.01684,20.05414,19.9044,0.1060137,0.08260514,0.05714585,0.04246549,0.03158652,21.91692,21.06886,20.17458,19.39047,19.22395
6.316769E+17,1237653617471455417,561,52295,171,0.3320897,sdss,GALAXY,STARBURST BROADLINE,162.1257,60.3008,0.3320897,20.05154,19.48674,19.01055,18.84826,18.43716,0.03584488,0.02793008,0.0193219,0.01435824,0.0106799,19.64283,19.02711,18.4744,18.25952,17.85583
5.474258E+18,1237662244986159441,4862,55685,482,0.5305654,boss,GALAXY,STARBURST BROADLINE,211.7295,5.80396,0.5305654,22.13503,21.89585,21.01328,20.55507,20.00979,0.103467,0.08062079,0.05577309,0.04144538,0.03082775,21.89346,21.25096,20.23733,19.82074,19.43736
5.81986E+18,1237662307799073115,5169,56045,304,0.4545594,boss,GALAXY,STARBURST BROADLINE,212.5122,40.18175,0.4545594,21.41655,20.93397,20.1078,19.84445,19.56753,0.02993213,0.02332291,0.01613468,0.0119898,0.008918206,20.81375,20.2226,19.41501,19.0935,18.74891
6.755636E+18,1237667444588544461,6000,56102,860,0.4197056,boss,GALAXY,STARBURST BROADLINE,202.6552,27.46417,0.4197056,22.12029,22.03252,21.43106,20.44059,20.45012,0.05131861,0.03998711,0.0276629,0.0205565,0.01529026,21.39847,21.14125,20.50735,19.52124,19.60385
7.977138E+18,1237654383055143173,7085,56625,500,0.3840276,boss,GALAXY,STARBURST BROADLINE,148.2807,57.6954,0.3840276,20.98231,20.41593,19.34186,19.1005,18.80429,0.05969296,0.04651235,0.03217703,0.02391098,0.01778538,20.2827,19.59933,18.68477,18.38396,17.90701
2.005377E+18,1237663530259185895,1781,53297,543,0.3212869,sdss,GALAXY,STARBURST BROADLINE,124.4282,52.83436,0.3212869,20.51832,19.93543,19.33416,19.13003,18.6993,0.1767253,0.1377032,0.09526241,0.07079018,0.05265489,19.64282,19.07425,18.34059,18.09578,17.72733
2.50191E+18,1237667212137136245,2222,53799,585,0.141246,sdss,GALAXY,STARBURST BROADLINE,177.2842,30.25043,0.141246,20.68742,19.62039,18.99117,18.55395,18.37358,0.08656412,0.06745018,0.04666172,0.03467466,0.02579158,18.6285,17.61917,17.01461,16.54591,16.40213
4.586937E+18,1237665427574030836,4074,55679,74,0.4464302,boss,GALAXY,STARBURST BROADLINE,245.1591,15.04657,0.4464302,21.698,21.74289,20.46057,19.795,19.15903,0.1879394,0.1464411,0.1013073,0.07528216,0.0559961,20.36779,20.12575,18.67426,17.97201,17.48968
5.472078E+18,1237662262170354467,4860,55691,741,0.4889233,boss,GALAXY,STARBURST BROADLINE,217.2784,7.290267,0.4889233,24.49786,22.84743,21.36551,20.53671,19.94345,0.09825803,0.07656199,0.05296523,0.03935885,0.02927575,23.51211,21.22354,19.68633,18.84751,18.38472
7.294864E+18,1237665226769302127,6479,56364,575,0.534207,boss,GALAXY,STARBURST BROADLINE,186.9815,32.29126,0.534207,22.46985,21.96149,20.9951,20.27148,19.75034,0.07734285,0.06026503,0.04169106,0.03098093,0.02304412,21.82736,21.43012,20.33651,19.55489,19.16165
7.545998E+18,1237657857678639826,6702,56381,789,0.4854277,boss,GALAXY,STARBURST BROADLINE,161.6224,50.90112,0.4854277,23.84356,22.41402,21.14487,20.28475,19.8636,0.07077866,0.05515026,0.03815269,0.02835154,0.02108834,22.05557,20.92917,19.42069,18.62601,18.17267
1.451301E+18,1237661210972520474,1289,52734,59,0.1564279,sdss,GALAXY,STARBURST BROADLINE,221.7288,43.29309,0.1564279,18.97411,18.48224,18.08667,17.81098,17.73681,0.08323982,0.06485991,0.04486978,0.03334306,0.02480111,18.16589,17.4717,16.56538,16.17622,16.32049
1.549334E+18,1237661851473739819,1376,53089,350,0.03552209,sdss,GALAXY,STARBURST BROADLINE,198.8219,44.40711,0.03552209,18.39945,17.0205,16.13348,15.63427,15.39365,0.08099899,0.06311386,0.04366188,0.03244545,0.02413346,16.65056,15.0124,14.23219,13.84328,13.5469
1.920898E+18,1237662637974421643,1706,53442,411,0.1654489,sdss,GALAXY,STARBURST BROADLINE,213.3849,14.04265,0.1654489,20.173,19.46129,19.07062,18.69078,18.73058,0.09104779,0.07094382,0.04907861,0.03647067,0.02712747,19.69156,18.92353,18.55303,18.1629,18.26191
6.606968E+18,1237667733981823155,5868,56045,682,0.3142691,boss,GALAXY,STARBURST BROADLINE,208.8885,19.84784,0.3142691,20.99684,20.47224,19.82548,19.78499,18.89492,0.1226142,0.09554011,0.06609421,0.04911508,0.0365326,19.61707,18.96601,18.26055,18.16677,17.52985
7.095566E+18,1237672817047896917,6302,56565,527,0.4433816,boss,GALAXY,STARBURST BROADLINE,345.8695,26.22104,0.4433816,23.14171,21.7159,20.77546,20.03506,19.70151,0.3275003,0.255186,0.1765365,0.1311855,0.09757794,22.29458,20.62273,19.74056,19.00105,18.71053
1.210137E+19,1237661851482128691,10748,58224,717,0.3413223,eboss,GALAXY,STARBURST BROADLINE,223.3635,38.40172,0.3413223,22.00663,21.75718,21.01528,20.50491,19.97224,0.05554549,0.04328067,0.02994137,0.02224964,0.01654965,22.0312,21.71135,20.99117,20.48229,19.97124
2.004151E+18,1237663530258071792,1780,53090,179,0.1202964,sdss,GALAXY,STARBURST BROADLINE,121.9092,50.75724,0.1202964,20.78599,19.50594,18.72922,18.22606,17.74034,0.2791799,0.2175351,0.1504898,0.11183,0.08318099,19.14744,17.8724,17.00776,16.59822,16.14527
5.888819E+17,1237651735226220657,523,52026,132,0.2669684,sdss,GALAXY,STARBURST BROADLINE,193.9783,1.467157,0.2669684,20.09774,19.4611,18.83236,18.57045,18.065,0.06361848,0.04957109,0.03429305,0.02548341,0.01895498,19.43184,18.66868,17.92258,17.57931,17.21111
7.6691E+17,1237666408439808265,681,52199,626,0.2790486,sdss,GALAXY,STARBURST BROADLINE,353.9901,0.2516419,0.2790486,21.05083,20.64439,20.22097,19.99751,19.52301,0.1259672,0.09815279,0.06790165,0.0504582,0.03753163,19.66362,19.21253,18.60733,18.41,17.96768
1.467222E+18,1237661064950841455,1303,53050,636,0.1796426,sdss,GALAXY,STARBURST BROADLINE,144.2377,9.384409,0.1796426,20.6411,19.78636,19.35238,18.90731,18.60768,0.1445049,0.1125973,0.07789427,0.05788379,0.0430549,20.11171,19.20783,18.65113,18.24782,18.07224
6.069754E+18,1237671126983115186,5391,56000,102,0.4488515,boss,GALAXY,STARBURST BROADLINE,182.8157,9.259473,0.4488515,22.18101,21.3348,20.4964,20.23245,19.69475,0.08095997,0.06308345,0.04364084,0.03242983,0.02412183,21.76649,20.84183,19.94105,19.53626,19.11785
7.186655E+18,1237657608038252822,6383,56362,132,0.3927297,boss,GALAXY,STARBURST BROADLINE,131.317,43.16927,0.3927297,22.62908,21.04963,19.79895,19.29624,18.88701,0.1071227,0.08346927,0.05774365,0.04290972,0.03191695,22.1357,20.41783,19.17615,18.65384,18.34113
7.742916E+18,1237663233379991731,6877,56544,374,0.1215506,boss,GALAXY,STARBURST BROADLINE,0.4498324,25.50226,0.1215506,20.56352,19.33387,18.59331,18.00084,17.52196,0.1890575,0.1473123,0.10191,0.07573003,0.05632922,18.89245,17.2976,16.42417,15.91086,15.57523
1.136045E+18,1237657858214985858,1009,52644,42,0.1370965,sdss,GALAXY,STARBURST BROADLINE,159.5942,50.97076,0.1370965,19.25758,18.5783,18.17644,17.73825,17.67315,0.1049036,0.0817402,0.05654749,0.04202085,0.03125579,18.44635,17.65359,17.19841,16.78518,16.68539
1.335431E+18,1237658492793586149,1186,52646,412,0.3981899,sdss,GALAXY,STARBURST BROADLINE,128.0254,5.488944,0.3981899,20.71027,20.13766,19.26134,19.04122,18.66122,0.127418,0.09928328,0.06868371,0.05103936,0.0379639,20.4447,19.79268,18.92323,18.66724,18.34711
1.342104E+18,1237658423543595297,1192,52649,115,0.1249766,sdss,GALAXY,STARBURST BROADLINE,136.6418,4.857655,0.1249766,20.05236,18.92465,18.39646,17.82979,17.57813,0.1819511,0.1417751,0.09807935,0.07288346,0.05421191,19.00184,17.81472,17.17913,16.62596,16.43489
1.775608E+18,1237662619725988305,1577,53495,233,0.123145,sdss,GALAXY,STARBURST BROADLINE,242.4041,27.91426,0.123145,20.8004,19.57444,18.79589,18.14977,17.89369,0.1964286,0.1530558,0.1058833,0.07868266,0.05852544,19.08984,17.72435,16.92923,16.33774,16.05502
1.849871E+18,1237662224614818025,1643,53143,65,0.2252747,sdss,GALAXY,STARBURST BROADLINE,214.8514,35.79389,0.2252747,20.62256,19.38947,18.51581,18.16833,17.80223,0.06854222,0.05340764,0.03694715,0.02745569,0.02042199,19.77702,18.49664,17.65523,17.19309,16.90545
2.228224E+18,1237665329846550648,1979,53431,247,0.2205781,sdss,GALAXY,STARBURST BROADLINE,169.4294,31.28011,0.2205781,20.37947,19.52912,18.77882,18.2941,18.06555,0.07653899,0.05963866,0.04125775,0.03065893,0.02280461,18.90851,17.85006,17.02266,16.55217,16.27828
2.377953E+18,1237665126939164687,2112,53534,192,0.1789698,sdss,GALAXY,STARBURST BROADLINE,200.8504,32.87882,0.1789698,19.21568,18.97475,18.70367,18.47753,18.4635,0.06157331,0.04797751,0.03319062,0.02466419,0.01834562,18.96007,18.64695,18.34092,18.04171,18.09374
5.018302E+18,1237657877542011203,4457,55858,604,0.3357629,boss,GALAXY,STARBURST BROADLINE,122.7484,28.23119,0.3357629,20.64109,20.11253,19.54028,19.42936,18.86505,0.1403653,0.1093717,0.07566282,0.05622559,0.04182151,20.16091,19.54456,18.94445,18.76759,18.23714
6.587719E+18,1237667781232624496,5851,56075,285,0.4412141,boss,GALAXY,STARBURST BROADLINE,205.7374,20.04241,0.4412141,24.13,23.84348,21.89621,20.91489,20.78182,0.08510122,0.06631029,0.04587315,0.03408867,0.02535571,23.16484,22.29925,20.68189,19.60292,19.31986
7.991871E+18,1237655463230570588,7098,56661,847,0.3729398,boss,GALAXY,STARBURST BROADLINE,178.9021,61.12444,0.3729398,24.6044,23.36396,21.72679,20.88372,20.11282,0.08084454,0.06299353,0.04357863,0.03238359,0.02408744,24.11479,21.65678,20.00426,19.0995,18.40769
6.474475E+17,1237654605323894993,575,52319,200,0.2897465,sdss,GALAXY,STARBURST BROADLINE,155.9152,4.18628,0.2897465,20.78394,19.91401,19.37225,19.00838,18.37896,0.1264376,0.0985193,0.0681552,0.05064661,0.03767178,18.48006,17.56159,16.84924,16.44494,15.79599
7.488629E+17,1237670956789989457,665,52168,507,0.1627573,sdss,GALAXY,STARBURST BROADLINE,28.43469,-8.954159,0.1627573,20.70933,19.49962,18.60018,18.12502,17.8579,0.09176388,0.07150179,0.04946461,0.0367575,0.02734083,19.6653,18.3709,17.36685,16.88198,16.60854
6.427912E+18,1237663788497240499,5709,56571,541,0.501292,boss,GALAXY,STARBURST BROADLINE,130.4376,62.0293,0.501292,23.42641,22.30998,21.36204,20.47973,20.22804,0.6275681,0.4889968,0.3382857,0.2513826,0.1869824,21.70345,20.67324,19.97481,19.08419,19.00658
9.900289E+18,1237663785283158268,8793,57391,910,0.2301417,eboss,GALAXY,STARBURST BROADLINE,27.51535,0.9188596,0.2301417,21.20668,20.32719,19.57852,19.07115,18.65574,0.1087725,0.08475476,0.05863295,0.04357057,0.0324085,20.09588,19.10106,18.20973,17.763,17.48588
2.050291E+18,1237662269151642093,1821,53167,100,0.11672,sdss,GALAXY,STARBURST BROADLINE,236.8133,5.72704,0.11672,20.11399,18.82976,18.02526,17.36776,17.10259,0.2976287,0.2319103,0.1604344,0.11922,0.08867776,18.3763,17.0339,16.29337,15.79179,15.54548
1.050466E+18,1237658191075737729,933,52642,5,0.1747354,sdss,GALAXY,STARBURST BROADLINE,129.8456,33.37223,0.1747354,21.33088,19.98955,18.91595,18.43446,18.09997,0.1673928,0.1304313,0.09023178,0.06705188,0.04987428,19.57965,18.21717,17.21385,16.64061,16.36645
7.521084E+18,1237657630604198304,6680,56420,263,0.4215041,boss,GALAXY,STARBURST BROADLINE,189.693,53.40204,0.4215041,22.18199,22.05383,21.20991,20.40327,20.1224,0.08910298,0.06942844,0.04803027,0.03569164,0.02654802,21.14811,20.93614,20.01304,19.20319,18.99888
3.761179E+17,1237650760245903475,334,51993,245,0.1138386,sdss,GALAXY,STARBURST BROADLINE,186.4389,-3.563392,0.1138386,19.81561,18.78428,18.43609,17.82588,17.75537,0.1647699,0.1283876,0.08881792,0.06600123,0.04909279,18.80577,17.72813,17.23192,16.68009,16.71977
1.038115E+18,1237655497600467190,922,52426,127,0.2169024,sdss,GALAXY,STARBURST BROADLINE,226.0313,-2.804596,0.2169024,19.01427,18.36274,17.86487,17.38238,17.2576,0.4714447,0.3673465,0.2541286,0.1888448,0.1404658,17.68432,16.8979,16.3367,15.85811,15.855
4.281868E+18,1237653586870862170,3803,55513,256,0.4786841,boss,GALAXY,STARBURST BROADLINE,121.7498,39.50243,0.4786841,22.75932,21.63515,20.25697,19.59566,19.03009,0.2278978,0.1775764,0.1228465,0.09128813,0.0679016,21.31374,19.93429,18.52163,17.84081,17.41502
6.147468E+18,1237662198815457532,5460,56000,199,0.4801062,boss,GALAXY,STARBURST BROADLINE,216.253,10.5121,0.4801062,20.69027,20.42908,19.79968,19.46835,19.07117,0.123166,0.09597009,0.06639166,0.04933612,0.03669701,19.99314,19.5715,18.75459,18.47082,18.15399
7.352281E+18,1237673074742133128,6530,56537,561,0.1733761,boss,GALAXY,STARBURST BROADLINE,6.716542,34.02247,0.1733761,21.38362,20.41691,20.28325,19.42172,18.82732,0.2793977,0.2177048,0.1506072,0.1119173,0.08324589,20.17533,19.05647,18.36368,17.59162,17.45939
9.965969E+17,1237662302428332090,885,52379,638,0.1229217,sdss,GALAXY,STARBURST BROADLINE,191.8453,52.60478,0.1229217,20.16937,19.38748,18.95882,18.39576,18.3528,0.05583364,0.0435052,0.03009669,0.02236507,0.0166355,19.45581,18.65872,18.13347,17.67705,17.59608
1.129407E+18,1237658300074033341,1003,52641,470,0.07415684,sdss,GALAXY,STARBURST BROADLINE,165.7123,7.652474,0.07415684,20.66844,19.66265,18.96147,18.35942,18.04421,0.1712088,0.1334048,0.09228879,0.06858046,0.05101127,19.53589,18.25218,17.5713,17.04342,16.78855
2.797892E+18,1237668292297621697,2485,54176,112,0.3049159,sdss,GALAXY,STARBURST BROADLINE,165.3311,17.65912,0.3049159,20.73377,20.30785,19.51963,19.12692,18.72648,0.08939311,0.06965451,0.04818667,0.03580786,0.02663447,19.83437,19.16574,18.22403,17.81009,17.40123
2.907182E+18,1237671124839301235,2582,54139,393,0.2164368,sdss,GALAXY,STARBURST BROADLINE,146.1385,14.33227,0.2164368,20.85352,19.6104,18.66803,18.05315,17.7608,0.1318039,0.1027007,0.07104785,0.05279617,0.03927065,19.82338,18.50806,17.57773,17.07508,16.73208
6.036104E+18,1237671932820325007,5361,55973,561,0.4183248,boss,GALAXY,STARBURST BROADLINE,165.4734,10.66347,0.4183248,22.73276,22.01227,21.47845,20.3013,20.10692,0.1121783,0.08740855,0.06046883,0.04493482,0.03342325,22.30314,21.39666,20.90997,19.74922,19.5951
2.08642E+18,1237664887999889708,1853,53566,464,0.2288462,sdss,GALAXY,STARBURST BROADLINE,244.0678,21.81407,0.2288462,20.71875,20.00012,19.30925,18.87149,18.58163,0.4035247,0.3144237,0.2175169,0.1616383,0.1202292,19.666,18.84838,18.24899,17.81399,17.61859
4.582666E+17,1237663783140196452,407,51820,92,0.3397098,sdss,GALAXY,STARBURST BROADLINE,37.75483,-0.8288621,0.3397098,20.64158,20.34768,19.74132,19.5269,18.96527,0.1370586,0.1067951,0.07388036,0.05490102,0.04083627,20.03594,19.67308,18.99456,18.78186,18.30689
2.272108E+18,1237664674326642848,2018,53800,152,0.3107601,sdss,GALAXY,STARBURST BROADLINE,196.007,37.94851,0.3107601,19.99591,19.45435,18.87486,18.82107,18.18234,0.0669969,0.05220354,0.03611416,0.02683669,0.01996157,19.60978,19.00608,18.44188,18.35102,17.75335
4.160435E+18,1237651271886832580,3695,55212,855,0.5227013,boss,GALAXY,STARBURST BROADLINE,128.0603,51.72087,0.5227013,23.1716,22.75298,20.99406,20.21824,19.67164,0.207105,0.1613748,0.1116384,0.08295926,0.06170645,22.68012,21.70862,20.07282,19.21577,18.74548
6.588938E+18,1237667914347184381,5852,56034,624,0.2865764,boss,GALAXY,STARBURST BROADLINE,186.4474,18.97844,0.2865764,21.36566,20.82539,20.20003,19.95447,19.19505,0.1288597,0.1004066,0.06946083,0.05161684,0.03839345,19.54004,18.70501,17.80292,17.39312,16.96797
6.588944E+18,1237668624623665805,5852,56034,647,0.4357175,boss,GALAXY,STARBURST BROADLINE,186.4266,17.85634,0.4357175,22.94504,21.98106,21.58905,20.71114,20.50913,0.1107343,0.08628341,0.05969046,0.04435641,0.03299302,22.5594,21.32436,20.87729,19.97349,19.94564